city,stars,Count of stars
Île-des-Soeurs,3,1
Agincourt,2,1
Agincourt,2.5,1
Ahwatukee,3.5,1
Ahwatukee,4,3
Airdrie,1,3
Airdrie,1.5,4
Airdrie,2,3
Airdrie,2.5,12
Airdrie,3,16
Airdrie,3.5,19
Airdrie,4,12
Airdrie,4.5,8
Airdrie,5,4
Ajax,1,4
Ajax,1.5,7
Ajax,2,7
Ajax,2.5,15
Ajax,3,28
Ajax,3.5,35
Ajax,4,35
Ajax,4.5,24
Ajax,5,4
Akron,1,5
Akron,1.5,7
Akron,2,7
Akron,2.5,19
Akron,3,27
Akron,3.5,34
Akron,4,47
Akron,4.5,27
Akron,5,8
Alburg,5,1
Aliquippa,3.5,1
Allison Park,2,1
Allison Park,2.5,3
Allison Park,3,6
Allison Park,3.5,7
Allison Park,4,3
Allison Park,4.5,5
Allison Park,5,1
Ambridge,2,1
Ambridge,2.5,1
Ambridge,3,2
Ambridge,3.5,3
Ambridge,4,4
Ambridge,4.5,9
Amherst,1,2
Amherst,1.5,2
Amherst,2,4
Amherst,2.5,8
Amherst,3,6
Amherst,3.5,10
Amherst,4,14
Amherst,4.5,8
Amherst,5,3
Ange-Gardien,1.5,1
Anjou,2.5,1
Anjou,3,1
Anjou,3.5,8
Anjou,4,2
Anjou,4.5,2
Anthem,2.5,1
Anthem,3,1
Anthem,3.5,2
Anthem,4,1
Apache Junction,2,2
Apache Junction,3,1
Apache Junction,4,1
Arnold,4,2
Arnold,5,1
Ashburn,4.5,1
Aspinwall,2.5,1
Aspinwall,3.5,2
Aspinwall,4,4
Auburn,5,1
Auburn Township,4.5,1
Auburn Twp,2.5,1
Aurora,1.5,4
Aurora,2,9
Aurora,2.5,11
Aurora,3,32
Aurora,3.5,44
Aurora,4,50
Aurora,4.5,19
Aurora,5,5
Avalon,3.5,1
Avalon,4,1
Avon,1.5,2
Avon,2,3
Avon,2.5,4
Avon,3,12
Avon,3.5,17
Avon,4,15
Avon,4.5,16
Avon,5,1
Avon Lake,1,1
Avon Lake,2,4
Avon Lake,2.5,7
Avon Lake,3,7
Avon Lake,3.5,7
Avon Lake,4,16
Avon Lake,4.5,7
Avon Lake,5,2
Avondale,1,3
Avondale,1.5,8
Avondale,2,14
Avondale,2.5,25
Avondale,3,36
Avondale,3.5,28
Avondale,4,41
Avondale,4.5,23
Avondale,5,6
Bainbridge,3,1
Bainbridge,3.5,2
Bainbridge,4.5,2
Bainbridge Township,2.5,1
Baldwin,3,1
Baldwin,4,1
Balzac,1,1
Balzac,1.5,1
Balzac,2,1
Balzac,2.5,1
Balzac,3.5,1
Balzac,4,1
Bath,3.5,1
Bath,4,1
Bay Village,1.5,1
Bay Village,3.5,6
Bay Village,4,6
Bay Village,4.5,1
Bay Village,5,1
Beachwood,1,1
Beachwood,2,6
Beachwood,2.5,5
Beachwood,3,14
Beachwood,3.5,14
Beachwood,4,13
Beachwood,4.5,7
Beaconsfield,3,2
Beaconsfield,3.5,2
Beaconsfield,4,1
Beaconsfield,4.5,1
Beauharnois,4,1
Bedford,2.5,9
Bedford,3,1
Bedford,3.5,9
Bedford,4,8
Bedford,4.5,9
Bedford,5,1
Bedford Heights,2,1
Bedford Heights,3,1
Bedford Heights,3.5,3
Bedford Heights,4,2
Bedford Heights,5,1
Beeton,4,1
Beeton,4.5,2
Beeton,5,1
Belœil,5,1
Belle Vernon,2.5,1
Belle Vernon,3,1
Belle Vernon,3.5,1
Belleville,2.5,1
Belleville,3.5,1
Belleville,4,4
Belleville,5,1
Bellevue,2,1
Bellevue,3,3
Bellevue,3.5,6
Bellevue,4,4
Bellevue,4.5,3
Bellevue,5,1
Bellvue,4,1
Bellvue,4.5,1
Belmont,2,5
Belmont,2.5,5
Belmont,3,12
Belmont,3.5,10
Belmont,4,15
Belmont,4.5,10
Belmont,5,7
Beloeil,1,1
Beloeil,2,1
Beloeil,3,1
Beloeil,3.5,1
Beloeil,4,2
Beloeil,4.5,1
Beloeil,5,1
Ben Avon,4.5,1
Berea,1.5,1
Berea,2,4
Berea,2.5,4
Berea,3,4
Berea,3.5,6
Berea,4,12
Berea,4.5,7
Berea,5,3
Bethel Park,1,1
Bethel Park,1.5,1
Bethel Park,2,4
Bethel Park,2.5,7
Bethel Park,3,15
Bethel Park,3.5,10
Bethel Park,4,15
Bethel Park,4.5,9
Bethel Park,5,3
Black Earth,3,1
Black Earth,4.5,2
Black Rock City,5,1
Blainville,2.5,1
Blainville,3.5,3
Blainville,4,1
Blainville,4.5,3
Blainville,5,2
Blakeney,4,1
Blawnox,2.5,1
Blawnox,5,1
Blue Diamond,3.5,2
Blue Diamond,4.5,1
Bois-des-Filion,3,1
Bois-des-Filion,4,2
Boisbriand,2,2
Boisbriand,2.5,2
Boisbriand,3,2
Boisbriand,3.5,6
Boisbriand,5,2
Bolton,2,2
Bolton,2.5,2
Bolton,3,7
Bolton,3.5,5
Bolton,4,4
Bolton,4.5,4
Bond Head,2.5,1
Boucherville,2.5,1
Boucherville,3,5
Boucherville,3.5,5
Boucherville,4,4
Boucherville,4.5,8
Boucherville,5,1
Boulder City,2,5
Boulder City,2.5,3
Boulder City,3,6
Boulder City,3.5,11
Boulder City,4,11
Boulder City,4.5,11
Boulder City,5,7
Braddock,4,3
Braddock,4.5,3
Braddock,5,1
Bradford,1,1
Bradford,1.5,1
Bradford,2,5
Bradford,2.5,1
Bradford,3,2
Bradford,3.5,3
Bradford,4,2
Bradford,4.5,5
Bradford,5,1
Bradford West Gwillimbury,2,1
Bradford West Gwillimbury,2.5,2
Bradford West Gwillimbury,3.5,1
Bradford West Gwillimbury,4,5
Bradford West Gwillimbury,4.5,4
Bradford West Gwillimbury,5,1
Brampton,1,13
Brampton,1.5,16
Brampton,2,30
Brampton,2.5,61
Brampton,3,104
Brampton,3.5,128
Brampton,4,126
Brampton,4.5,51
Brampton,5,9
Bratenahl,4.5,1
Brecksville,2,2
Brecksville,3,6
Brecksville,3.5,9
Brecksville,4,8
Brecksville,4.5,2
Brentwood,1.5,1
Brentwood,2.5,2
Brentwood,3,1
Brentwood,3.5,1
Brentwood,4,3
Bridgeville,1,1
Bridgeville,1.5,2
Bridgeville,2,5
Bridgeville,2.5,7
Bridgeville,3,20
Bridgeville,3.5,10
Bridgeville,4,15
Bridgeville,4.5,9
Bridgeville,5,3
Broadview Heights,1,1
Broadview Heights,2,1
Broadview Heights,2.5,5
Broadview Heights,3,10
Broadview Heights,3.5,6
Broadview Heights,4,14
Broadview Heights,4.5,3
Broadview Heights,5,1
Brook Park,1,1
Brook Park,1.5,1
Brook Park,2,2
Brook Park,2.5,2
Brook Park,3,2
Brook Park,3.5,6
Brook Park,4,5
Brook Park,4.5,1
Brook Park,5,2
Brooklin,2.5,1
Brooklin,3.5,1
Brooklin,4,1
Brooklin,4.5,3
Brookline,3.5,1
Brooklyn,1,2
Brooklyn,2,3
Brooklyn,2.5,4
Brooklyn,3,9
Brooklyn,3.5,9
Brooklyn,4,6
Brooklyn,4.5,2
Brookpark,2,1
Brookpark,3.5,1
Brookpark,4,1
Brookpark,4.5,1
Brossard,1.5,1
Brossard,2,6
Brossard,2.5,16
Brossard,3,29
Brossard,3.5,29
Brossard,4,27
Brossard,4.5,12
Brossard,5,3
Brownsburg-Chatham,4.5,1
Brunswick,1.5,4
Brunswick,2,8
Brunswick,2.5,10
Brunswick,3,15
Brunswick,3.5,13
Brunswick,4,9
Brunswick,4.5,11
Brunswick,5,4
Brunswick Hills,4,1
Buckeye,2.5,3
Buckeye,3,3
Buckeye,3.5,4
Buckeye,4,6
Buckeye,4.5,2
Buckeye,5,2
Buena Vista,2.5,1
Burton,3.5,2
Burton,4,4
Burton,4.5,3
Côte Saint-Luc,3.5,1
Côte Saint-Luc,4.5,1
Côte Saint-Luc,5,1
Côte-Saint-Luc,5,1
Caledon,1.5,1
Caledon,2,1
Caledon,2.5,1
Caledon,3,3
Caledon,3.5,4
Caledon,4,3
Caledon,4.5,5
Caledon,5,1
Caledon East,3,1
Caledon East,3.5,2
Caledon East,4,1
Calgary,1,25
Calgary,1.5,54
Calgary,2,143
Calgary,2.5,273
Calgary,3,539
Calgary,3.5,701
Calgary,4,720
Calgary,4.5,393
Calgary,5,105
Candiac,2.5,1
Candiac,4,1
Candiac,4.5,1
Canonsburd,1.5,1
Canonsburg,1,2
Canonsburg,1.5,1
Canonsburg,2,4
Canonsburg,2.5,3
Canonsburg,3,13
Canonsburg,3.5,19
Canonsburg,4,12
Canonsburg,4.5,14
Canonsburg,5,1
Carefree,3,3
Carefree,3.5,4
Carefree,4,5
Carefree,4.5,3
Carefree,5,1
Carnegie,1,1
Carnegie,1.5,1
Carnegie,2,2
Carnegie,2.5,1
Carnegie,3,6
Carnegie,3.5,8
Carnegie,4,12
Carnegie,4.5,13
Carnegie,5,4
Castle Shannon,1.5,2
Castle Shannon,2.5,1
Castle Shannon,3,1
Castle Shannon,5,1
Cave Creek,2,4
Cave Creek,2.5,10
Cave Creek,3,10
Cave Creek,3.5,19
Cave Creek,4,18
Cave Creek,4.5,13
Cave Creek,5,7
Cecil,3.5,3
Cecil,4,2
Cecil,4.5,2
Cecil,5,2
Central,2,1
Central City,3,1
Central City Village,3.5,2
Centre Island,4,1
Châteauguay,2.5,2
Châteauguay,3.5,3
Châteauguay,4,5
Châteauguay,4.5,1
Chagrin Falls,2,1
Chagrin Falls,2.5,1
Chagrin Falls,3,7
Chagrin Falls,3.5,15
Chagrin Falls,4,18
Chagrin Falls,4.5,12
Chagrin Falls,5,5
Chambly,2.5,1
Chambly,3,2
Chambly,3.5,2
Chambly,4,3
Chambly,4.5,5
Champaign,1.5,10
Champaign,2,26
Champaign,2.5,33
Champaign,3,71
Champaign,3.5,86
Champaign,4,85
Champaign,4.5,28
Champaign,5,18
Champlain,1,1
Champlain,2.5,3
Champlain,4,2
Chandler,1,1
Chandler,1.5,10
Chandler,2,54
Chandler,2.5,81
Chandler,3,118
Chandler,3.5,166
Chandler,4,185
Chandler,4.5,109
Chandler,5,35
Chardon,1,1
Chardon,1.5,1
Chardon,2,2
Chardon,2.5,3
Chardon,3,4
Chardon,3.5,9
Chardon,4,11
Chardon,4.5,9
Chardon,5,1
Chargrin Falls,3.5,1
Charlemagne,3.5,1
Charlotte,1,21
Charlotte,1.5,82
Charlotte,2,170
Charlotte,2.5,253
Charlotte,3,427
Charlotte,3.5,560
Charlotte,4,664
Charlotte,4.5,385
Charlotte,5,107
Chatauguay,4.5,1
Chateauguay,2,1
Chateauguay,3,1
Chateauguay,3.5,2
Chateauguay,4,2
Chateauguay,4.5,1
Chertsey,4,1
Chesterland,2,4
Chesterland,3,3
Chesterland,3.5,4
Chesterland,4,9
Chesterland,4.5,4
Chesterland,5,2
Chestermere,2,2
Chestermere,2.5,2
Chestermere,3,4
Chestermere,3.5,2
Chestermere,4,3
Chestermere,4.5,1
Chestermere,5,1
Cheswick,1.5,1
Cheswick,3,1
Cheswick,3.5,3
Cheswick,4,3
Cheswick,4.5,1
Cheswick,5,2
Church Cove,3.5,1
City Center,5,1
Clairton,3,3
Clairton,3.5,1
Clairton,4,2
Clairton,5,3
Clark,2.5,1
Clarkson,2.5,2
Clarkson,3,1
Cleveland,1,23
Cleveland,1.5,39
Cleveland,2,80
Cleveland,2.5,120
Cleveland,3,190
Cleveland,3.5,281
Cleveland,4,370
Cleveland,4.5,253
Cleveland,5,81
Cleveland Heights,1,1
Cleveland Heights,2,2
Cleveland Heights,2.5,8
Cleveland Heights,3,8
Cleveland Heights,3.5,17
Cleveland Heights,4,21
Cleveland Heights,4.5,12
Cleveland Heights,5,1
Cleveland Hghts.,3.5,1
Clinton,5,1
Clover,1.5,1
Clover,2,2
Clover,3,4
Clover,3.5,6
Clover,4,2
Clover,4.5,1
Clover,5,3
Columbia Station,3,1
Columbia Station,3.5,2
Columbia Station,4,1
Columbia Station,4.5,2
Columbia Station,5,1
Columbus,4.5,1
Communauté-Urbaine-de-Montréal,4,1
Communauté-Urbaine-de-Montréal,4.5,1
Concord,1,4
Concord,1.5,13
Concord,2,21
Concord,2.5,40
Concord,3,65
Concord,3.5,70
Concord,4,72
Concord,4.5,44
Concord,5,9
Concord Mills,2.5,1
Concord Mills,3.5,1
Concord Township,2,1
Copley,2,1
Copley,3,2
Copley,3.5,1
Copley,4,1
Copley,4.5,1
Copley,5,1
Coraopolis,1,1
Coraopolis,1.5,3
Coraopolis,2,3
Coraopolis,2.5,3
Coraopolis,3,16
Coraopolis,3.5,14
Coraopolis,4,16
Coraopolis,4.5,10
Coraopolis,5,1
Cornelius,1.5,4
Cornelius,2,2
Cornelius,2.5,7
Cornelius,3,16
Cornelius,3.5,22
Cornelius,4,33
Cornelius,4.5,20
Cornelius,5,6
Cote Saint-Luc,2,1
Cote Saint-Luc,3,1
Cote Saint-Luc,4,1
Coteau-du-Lac,5,1
Cottage Grove,1.5,1
Cottage Grove,2,1
Cottage Grove,2.5,1
Cottage Grove,3,3
Cottage Grove,3.5,3
Cottage Grove,4,3
Cottage Grove,4.5,5
Crafton,2,1
Crafton,2.5,2
Crafton,3,1
Crafton,3.5,1
Crafton,4,1
Crafton,4.5,3
Cramerton,3.5,1
Cramerton,4,1
Cramerton,4.5,4
Creighton,4,1
Crescent,3.5,1
Cross Plains,3,1
Cross Plains,3.5,5
Cross Plains,4,5
Cross Plains,4.5,1
Cross Plains,5,1
Cuddy,3,1
Cuddy,4,1
Cuyahoga Falls,1,3
Cuyahoga Falls,1.5,3
Cuyahoga Falls,2,10
Cuyahoga Falls,2.5,10
Cuyahoga Falls,3,20
Cuyahoga Falls,3.5,33
Cuyahoga Falls,4,39
Cuyahoga Falls,4.5,20
Cuyahoga Falls,5,4
Cuyahoga Fls,3,1
Cuyahoga Heights,4.5,1
Dallas,1,1
Dallas,1.5,1
Dallas,2.5,4
Dallas,3,3
Dallas,3.5,2
Dallas,4,3
Dallas,4.5,6
Dane,4,1
Dane,4.5,3
Dane,5,1
Davidson,1.5,1
Davidson,2,1
Davidson,2.5,1
Davidson,3,4
Davidson,3.5,11
Davidson,4,15
Davidson,4.5,8
Davidson,5,1
De Forest,1.5,1
De Forest,2,3
De Forest,3,2
De Forest,3.5,2
De Forest,4,4
De l'Eglise,1.5,1
De Winton,2.5,1
Deerfield,2,1
Deerfield,4.5,1
DeForest,1.5,1
DeForest,2.5,1
DeForest,3,1
DeForest,3.5,1
DeForest,4,2
DeForest,4.5,5
Delson,2.5,1
Delson,3.5,1
Delson,4,1
Delson,4.5,2
Denver,1,1
Denver,1.5,2
Denver,2,6
Denver,2.5,3
Denver,3,13
Denver,3.5,9
Denver,4,8
Denver,4.5,5
Denver,5,4
Deux-Montagnes,4.5,1
Deux-Montagnes Regional County Municipality,4.5,2
Division No. 6,3,1
Dollard-Des Ormeaux,3,1
Dollard-Des Ormeaux,4,1
Dollard-Des Ormeaux,4.5,4
Dollard-des-Ormeaux,1,2
Dollard-des-Ormeaux,1.5,1
Dollard-des-Ormeaux,2,1
Dollard-des-Ormeaux,2.5,6
Dollard-des-Ormeaux,3,10
Dollard-des-Ormeaux,3.5,21
Dollard-des-Ormeaux,4,23
Dollard-des-Ormeaux,4.5,5
Dollard-des-Ormeaux,5,7
Don Mills,4,1
Dormont,4,1
Dormont,4.5,1
Dormont,5,1
Dorval,1.5,1
Dorval,2,7
Dorval,2.5,8
Dorval,3,11
Dorval,3.5,10
Dorval,4,9
Dorval,4.5,4
Dorval,5,2
Downtown,3.5,1
Downtown Toronto,2.5,1
Downtown Toronto,3,3
Dravosburg,1.5,1
Dravosburg,2.5,1
Dravosburg,3,1
Dravosburg,3.5,1
Dravosburg,4,1
Duquesne,1,1
Duquesne,2,1
Durham Regional Municipality,2.5,1
East Ajax,3,1
East Calgary,2.5,1
East Cleveland,2,1
East Cleveland,2.5,2
East Cleveland,3,1
East Cleveland,3.5,1
East Gwillimbury,3,5
East Gwillimbury,3.5,4
East Gwillimbury,4,2
East Gwillimbury,4.5,4
East Liberty,2.5,1
East Liberty,3.5,1
East Mc Keesport,2,1
East Mc Keesport,4,1
East Mc Keesport,4.5,1
East McKeesport,3.5,1
East Mississauga,3.5,1
East Pittsburgh,2.5,1
East Pittsburgh,4,1
East York,1.5,2
East York,2,3
East York,2.5,6
East York,3,8
East York,3.5,9
East York,4,15
East York,4.5,6
East York,5,4
Eastlake,1.5,1
Eastlake,2,1
Eastlake,2.5,3
Eastlake,3,3
Eastlake,3.5,7
Eastlake,4,5
Eastlake,4.5,1
Eastlake,5,3
Edgemont,5,1
Edgewood,2,1
El Mirage,2,5
El Mirage,2.5,4
El Mirage,3,3
El Mirage,3.5,5
El Mirage,4,4
El Mirage,4.5,2
El Mirage,5,5
Elizabeth,1,1
Elizabeth,2.5,1
Elizabeth,3,3
Elizabeth,3.5,5
Elizabeth,4,8
Elizabeth,4.5,4
Elizabeth,5,2
Elizabeth Township,3,1
Elrama,4.5,1
Elyria,1,1
Elyria,1.5,1
Elyria,2,9
Elyria,2.5,12
Elyria,3,14
Elyria,3.5,22
Elyria,4,20
Elyria,4.5,8
Elyria,5,5
Emsworth,4,1
Emsworth,4.5,1
Emsworth,5,1
Enterprise,1.5,1
Enterprise,3,1
Enterprise,3.5,1
Erie,3.5,1
Estérel,3.5,1
Etibicoke,2.5,1
Etna,2,1
Etna,3,2
Etna,4,1
Etna,4.5,2
Etobicoke,1,4
Etobicoke,1.5,11
Etobicoke,2,23
Etobicoke,2.5,48
Etobicoke,3,69
Etobicoke,3.5,77
Etobicoke,4,66
Etobicoke,4.5,26
Etobicoke,5,11
Etobiicoke,3.5,1
Etobiicoke,4,1
Euclid,1.5,8
Euclid,2,5
Euclid,2.5,2
Euclid,3,8
Euclid,3.5,10
Euclid,4,5
Euclid,4.5,8
Euclid,5,2
Export,3,1
Export,4,1
Export,4.5,1
Fabreville,4,1
Fairlawn,2,5
Fairlawn,2.5,2
Fairlawn,3,7
Fairlawn,3.5,11
Fairlawn,4,17
Fairlawn,4.5,4
Fairlawn,5,1
Fairport Harbor,3,1
Fairport Harbor,4,2
Fairport Harbor,4.5,1
Fairview Park,2,1
Fairview Park,2.5,3
Fairview Park,3,7
Fairview Park,3.5,6
Fairview Park,4,4
Fairview Park,4.5,9
Fairview Park,5,2
Farnham,4.5,1
Farnham,5,1
Finleyville,2.5,1
Finleyville,3.5,3
Finleyville,4.5,3
Finleyville,5,2
Fisher,4,1
Fisher,4.5,1
Fitchburg,1.5,2
Fitchburg,2,1
Fitchburg,2.5,7
Fitchburg,3,15
Fitchburg,3.5,16
Fitchburg,4,11
Fitchburg,4.5,10
Fitchburg,5,2
Fithian,4.5,1
Forest Hills,1,1
Forest Hills,2,1
Fort Mcdowell,2.5,2
Fort Mcdowell,3,2
Fort Mcdowell,3.5,3
Fort Mill,1,1
Fort Mill,1.5,6
Fort Mill,2,14
Fort Mill,2.5,25
Fort Mill,3,34
Fort Mill,3.5,31
Fort Mill,4,37
Fort Mill,4.5,23
Fort Mill,5,9
Fountain Hills,1,1
Fountain Hills,1.5,1
Fountain Hills,2,1
Fountain Hills,2.5,4
Fountain Hills,3,15
Fountain Hills,3.5,16
Fountain Hills,4,14
Fountain Hills,4.5,14
Fountain Hills,5,5
Garfield Heights,1,2
Garfield Heights,2,2
Garfield Heights,3,4
Garfield Heights,3.5,4
Garfield Heights,4,3
Garfield Heights,4.5,1
Garfield Hts,4,1
Garrettsville,5,1
Gastonia,1,3
Gastonia,1.5,12
Gastonia,2,14
Gastonia,2.5,29
Gastonia,3,26
Gastonia,3.5,42
Gastonia,4,33
Gastonia,4.5,24
Gastonia,5,6
Gates Mills,4,2
Geauga,4,1
Georgetown,2,3
Georgetown,2.5,3
Georgetown,3,5
Georgetown,3.5,2
Georgetown,4,4
Georgetown,4.5,6
Gibsonia,1.5,2
Gibsonia,2,1
Gibsonia,2.5,3
Gibsonia,3,8
Gibsonia,3.5,11
Gibsonia,4,12
Gibsonia,4.5,5
Gibsonia,5,4
Gifford,3,1
Gilbert,1,4
Gilbert,1.5,10
Gilbert,2,33
Gilbert,2.5,61
Gilbert,3,88
Gilbert,3.5,108
Gilbert,4,158
Gilbert,4.5,85
Gilbert,5,31
Glassport,3.5,1
Glassport,4,2
Glassport,4.5,1
Glen Williams,4,1
Glendale,1,6
Glendale,1.5,21
Glendale,2,69
Glendale,2.5,92
Glendale,3,111
Glendale,3.5,143
Glendale,4,129
Glendale,4.5,91
Glendale,5,31
Glendale Az,3.5,1
Glenshaw,1.5,1
Glenshaw,2.5,1
Glenshaw,3,2
Glenshaw,3.5,6
Glenshaw,4,5
Glenshaw,4.5,4
Glenshaw,5,1
Godmanchester,5,1
Goodwood,3,1
Goodwood,4.5,1
Goodyear,1,1
Goodyear,1.5,12
Goodyear,2,18
Goodyear,2.5,29
Goodyear,3,29
Goodyear,3.5,44
Goodyear,4,36
Goodyear,4.5,16
Goodyear,5,9
Gormley,1.5,1
Gormley,3.5,1
Grafton,1.5,1
Grafton,3.5,2
Grafton,4,2
Grafton,4.5,3
Grand River,3,1
Grand River,3.5,1
Green Tree,4,1
Greenfield Park,1,2
Greenfield Park,2,2
Greenfield Park,2.5,2
Greenfield Park,3.5,4
Greenfield Park,4,2
Greenfield Park,4.5,4
Guadalupe,3,1
Guadalupe,4,2
Guadalupe,4.5,3
Halton Hills,1,1
Halton Hills,1.5,1
Halton Hills,2,2
Halton Hills,2.5,2
Halton Hills,3,3
Halton Hills,3.5,1
Halton Hills,4.5,3
Hampstead,2.5,1
Hampton Township,3,2
Hampton Township,4,1
Hampton Township,4.5,2
Harmarville,2.5,1
Harmarville,3.5,1
Harmarville,5,1
Harrisbug,3.5,1
Harrisburg,2,2
Harrisburg,2.5,3
Harrisburg,3,7
Harrisburg,3.5,11
Harrisburg,4,9
Harrisburg,4.5,5
Harrisburg,5,3
Harrison City,2.5,2
Harrison City,4,1
Harrison City,4.5,2
Harwick,4.5,1
Heidelberg,2,1
Heidelberg,4.5,2
Hemmingford,4,2
Henderson,1,3
Henderson,1.5,17
Henderson,2,51
Henderson,2.5,104
Henderson,3,123
Henderson,3.5,181
Henderson,4,185
Henderson,4.5,118
Henderson,5,34
Henderson and Las vegas,4,1
Hendersonville,3.5,1
Henryville,4.5,1
Herminie,3.5,2
Herminie,4.5,1
Highland Heights,2,2
Highland Heights,2.5,2
Highland Heights,3,3
Highland Heights,3.5,2
Highland Heights,4,2
Highland Heights,4.5,3
Highland Heights,5,1
Higley,2,2
Higley,2.5,1
Higley,4,1
Hinckley,3,1
Hinckley,3.5,2
Hinckley,4,1
Hinckley,4.5,1
Hinckley,5,1
Hiram,3.5,1
Hiram,4.5,2
Hiram,5,1
Holland Landing,4,1
Homer,4.5,2
Homer,5,1
Homestead,2,2
Homestead,2.5,4
Homestead,3,9
Homestead,3.5,9
Homestead,4,11
Homestead,4.5,7
Homestead,5,3
Hudson,1.5,1
Hudson,2.5,2
Hudson,3,11
Hudson,3.5,13
Hudson,4,24
Hudson,4.5,13
Hudson,5,4
Huntersville,1.5,4
Huntersville,2,7
Huntersville,2.5,15
Huntersville,3,21
Huntersville,3.5,44
Huntersville,4,41
Huntersville,4.5,24
Huntersville,5,9
Huntingdon,4.5,1
Hyland Heights,3,1
Iberville,4.5,1
Imperial,1,1
Imperial,2.5,1
Imperial,3,1
Imperial,3.5,3
Imperial,4,4
Imperial,4.5,1
Independence,2.5,9
Independence,3,10
Independence,3.5,17
Independence,4,13
Independence,4.5,1
Indian Land,1.5,1
Indian Land,2,1
Indian Land,2.5,4
Indian Land,3,8
Indian Land,3.5,7
Indian Land,4,8
Indian Land,4.5,3
Indian Land,5,2
"Indian Land,",3.5,1
Indian Trail,1,1
Indian Trail,1.5,4
Indian Trail,2,3
Indian Trail,2.5,10
Indian Trail,3,16
Indian Trail,3.5,12
Indian Trail,4,15
Indian Trail,4.5,17
Indian Trail,5,2
Indianola,4.5,1
Inglewood,3.5,1
Ingomar,4.5,1
Irwin,2.5,6
Irwin,3,2
Irwin,3.5,4
Irwin,4,9
Irwin,4.5,6
Irwin,5,2
Ivesdale,4.5,1
Jefferson Hills,3,2
Jefferson Hills,3.5,1
Jefferson Hills,4,1
Joliette,4,2
Joliette,4.5,3
Kahnawake,3.5,1
Kahnawake,4,1
Kahnawake,4.5,1
Kannapolis,1.5,3
Kannapolis,2,5
Kannapolis,2.5,4
Kannapolis,3,8
Kannapolis,3.5,6
Kannapolis,4,8
Kannapolis,4.5,6
Kannapolis,5,2
Kennedy Township,3.5,1
Kent,1,1
Kent,2,8
Kent,2.5,10
Kent,3,18
Kent,3.5,29
Kent,4,24
Kent,4.5,19
Kent,5,5
King,3,1
King,3.5,2
King,4,2
King City,1,1
King City,2,1
King City,2.5,1
King City,3,1
King City,3.5,5
King City,4,4
King City,4.5,3
Kirkland,1.5,1
Kirkland,2,3
Kirkland,2.5,2
Kirkland,3,6
Kirkland,3.5,6
Kirkland,4,7
Kirkland,4.5,7
Kirkland,5,2
Kirtland,2.5,1
Kirtland,3.5,2
Kirtland,4,1
Kirtland,4.5,5
Kleinburg,3.5,1
Kleinburg,4,2
L'Île-Bizard,3.5,1
L'Île-Bizard,4.5,1
L'Île-Perrot,1.5,2
L'Île-Perrot,3.5,1
L'Île-Perrot,4,4
L'Assomption,3.5,1
L'Assomption,4.5,1
L'ile-Bizard,5,1
L'ile-Perrot,1,1
L'ile-Perrot,2.5,1
L'ile-Perrot,3.5,1
L'ile-Perrot,4,1
L'ile-Perrot,4.5,1
La Prairie,2,1
La Prairie,3.5,1
La Prairie,4,3
La Prairie,4.5,10
La Prairie,5,3
La Salle,3.5,1
La Salle,4,3
La Salle,4.5,1
La Salle,5,1
Lachenaie,3.5,1
Lachenaie,4,1
Lachine,2,3
Lachine,2.5,4
Lachine,3,7
Lachine,3.5,5
Lachine,4,6
Lachine,4.5,8
Lachine,5,3
Lachute,3,1
Lachute,3.5,1
Lachute,4,2
Lachute,4.5,2
Lacolle,4.5,1
Lagrange,2.5,1
Lagrange,3,2
Lagrange,3.5,2
Lagrange,4,2
Lake Park,5,1
Lake Wylie,1.5,1
Lake Wylie,2.5,3
Lake Wylie,3,4
Lake Wylie,3.5,2
Lake Wylie,4,3
Lake Wylie,4.5,1
Lake Wylie,5,2
Lakewood,1.5,2
Lakewood,2,4
Lakewood,2.5,16
Lakewood,3,16
Lakewood,3.5,33
Lakewood,4,67
Lakewood,4.5,39
Lakewood,5,8
Las  Vegas,4,1
Las  Vegas,4.5,1
Las  Vegas,5,1
Las Vegas,1,35
Las Vegas,1.5,120
Las Vegas,2,402
Las Vegas,2.5,689
Las Vegas,3,943
Las Vegas,3.5,1195
Las Vegas,4,1429
Las Vegas,4.5,904
Las Vegas,5,323
Lasalle,1,1
Lasalle,2,2
Lasalle,2.5,4
Lasalle,3,14
Lasalle,3.5,9
Lasalle,4,13
Lasalle,4.5,6
Lasalle,5,3
LasVegas,3.5,1
LasVegas,4.5,1
Laval,1.5,3
Laval,2,15
Laval,2.5,26
Laval,3,46
Laval,3.5,65
Laval,4,62
Laval,4.5,36
Laval,5,22
"Laval, Pont Viau",3.5,1
"Laval, Ste Dorothee",5,1
Lavaltrie,2.5,1
Laveen,1,1
Laveen,1.5,4
Laveen,2,7
Laveen,2.5,9
Laveen,3,6
Laveen,3.5,7
Laveen,4,3
Laveen,4.5,1
Laveen,5,1
Laveen Village,3,1
Laveen Village,3.5,1
Laveen Village,4,1
Laveen Village,4.5,3
Lawrence,4.5,1
Lawrenceville,3.5,1
Leeds,4.5,2
Leetsdale,1.5,1
Leetsdale,3.5,2
Leetsdale,4,2
Leetsdale,5,1
Les Cèdres,4.5,1
Les Coteaux,5,1
Library,3,1
Library,3.5,2
Lindale,3.5,1
Litchfield,4,1
Litchfield,4.5,2
Litchfield,5,1
Litchfield Park,1,1
Litchfield Park,1.5,4
Litchfield Park,2,1
Litchfield Park,2.5,5
Litchfield Park,3,6
Litchfield Park,3.5,15
Litchfield Park,4,10
Litchfield Park,4.5,3
Litchfield Park,5,2
Locust,1.5,1
Locust,2,1
Locust,3,3
Locust,3.5,1
Locust,4,1
Locust,4.5,2
London,4.5,1
Longueuil,1,1
Longueuil,2,4
Longueuil,2.5,4
Longueuil,3,6
Longueuil,3.5,12
Longueuil,4,19
Longueuil,4.5,10
Longueuil,5,5
Lorain,1.5,2
Lorain,2,6
Lorain,2.5,8
Lorain,3,7
Lorain,3.5,10
Lorain,4,12
Lorain,4.5,10
Lorain,5,3
Lowell,2,1
Lowell,3,2
Lowell,3.5,2
Lowell,4.5,1
Lower Burrell,1,1
Lower Burrell,1.5,1
Lower Burrell,2,1
Lower Burrell,2.5,1
Lower Burrell,3,1
Lower Burrell,3.5,2
Lower Burrell,4,3
Lower Burrell,4.5,2
Lower Burrell,5,1
Lower Lawrenceville,3.5,1
Lowesville,3.5,1
Lowesville,4,1
Lyndhurst,2,1
Lyndhurst,2.5,3
Lyndhurst,3,9
Lyndhurst,3.5,7
Lyndhurst,4,8
Lyndhurst,4.5,5
Lyndhurst,5,1
Macedonia,1.5,3
Macedonia,2,5
Macedonia,2.5,6
Macedonia,3,2
Macedonia,3.5,9
Macedonia,4,3
Macedonia,4.5,5
Macedonia,5,2
Madison,1,11
Madison,1.5,15
Madison,2,44
Madison,2.5,86
Madison,3,132
Madison,3.5,224
Madison,4,305
Madison,4.5,146
Madison,5,35
Mahomet,1.5,2
Mahomet,2.5,3
Mahomet,3,1
Mahomet,3.5,7
Mahomet,4,1
Mahomet,4.5,6
Mahomet,5,1
Malton,2,1
Malton,3,1
Mansfield,4.5,1
Mantua,2,1
Mantua,3,1
Mantua,3.5,1
Mantua,4,1
Mantua,4.5,3
Mantua,5,1
Maple,1,1
Maple,1.5,1
Maple,2,2
Maple,2.5,3
Maple,3,9
Maple,3.5,8
Maple,4,4
Maple,5,1
Maple Grove,4.5,1
Maple Heights,1,1
Maple Heights,1.5,2
Maple Heights,2,2
Maple Heights,2.5,3
Maple Heights,3,4
Maple Heights,3.5,3
Maple Heights,4,6
Maple Heights,4.5,3
Maple Heights,5,2
Maricopa,1,1
Markham,1,5
Markham,1.5,11
Markham,2,32
Markham,2.5,93
Markham,3,179
Markham,3.5,219
Markham,4,144
Markham,4.5,44
Markham,5,14
Marshall,2,1
Marshall,4.5,1
Mascouche,3,1
Mascouche,3.5,2
Mascouche,4,1
Mascouche,4.5,1
Matthews,1,2
Matthews,1.5,3
Matthews,2,5
Matthews,2.5,20
Matthews,3,25
Matthews,3.5,39
Matthews,4,45
Matthews,4.5,24
Matthews,5,8
Mayfield,1.5,1
Mayfield,3.5,1
Mayfield,4,2
Mayfield Heights,1.5,3
Mayfield Heights,2,6
Mayfield Heights,2.5,3
Mayfield Heights,3,9
Mayfield Heights,3.5,8
Mayfield Heights,4,11
Mayfield Heights,4.5,4
Mayfield Heights,5,1
Mayfield Village,3.5,4
Mayfield Village,4,2
Mc Donald,2,1
Mc Donald,2.5,1
Mc Donald,3,1
Mc Donald,3.5,1
Mc Farland,2,1
Mc Farland,2.5,1
Mc Farland,3,3
Mc Farland,3.5,2
Mc Farland,4,2
Mc Farland,4.5,2
Mc Kees Rocks,2,1
Mc Kees Rocks,2.5,1
Mc Kees Rocks,3,3
Mc Kees Rocks,3.5,1
Mc Kees Rocks,4,5
Mc Kees Rocks,4.5,1
Mc Murray,1.5,1
Mc Murray,3,1
Mc Murray,3.5,3
McAdenville,4,1
McAdenville,4.5,1
McCandless,3.5,2
McCandless Township,3.5,1
McCandless Township,4,1
McDonald,2,1
McDonald,4,2
McDonald,4.5,1
McDonald,5,2
McFarland,2,1
McFarland,3,1
McFarland,3.5,3
McFarland,4,1
McFarland,4.5,4
McKees Rocks,2.5,6
McKees Rocks,3,2
McKees Rocks,3.5,4
McKees Rocks,4,9
McKees Rocks,4.5,6
McKees Rocks,5,3
McKeesport,1.5,1
McKeesport,2,2
McKeesport,2.5,5
McKeesport,3,9
McKeesport,3.5,5
McKeesport,4,7
McKeesport,4.5,1
McKeesport,5,3
McKeesRocks,4,1
Mcknight,3.5,1
McMasterville,3.5,1
McMurray,1,1
McMurray,2,1
McMurray,2.5,5
McMurray,3,6
McMurray,3.5,9
McMurray,4,4
McMurray,4.5,3
McMurray,5,1
Medicine Hat,3,1
Medina,1,2
Medina,1.5,3
Medina,2,8
Medina,2.5,11
Medina,3,23
Medina,3.5,27
Medina,4,28
Medina,4.5,15
Medina,5,9
Medina Township,3,2
Mentor,1.5,5
Mentor,2,5
Mentor,2.5,26
Mentor,3,34
Mentor,3.5,40
Mentor,4,36
Mentor,4.5,29
Mentor,5,10
Mentor On the,3.5,1
Mentor On the,4.5,1
Mentor On the Lake,2.5,1
Mentor On the Lake,3,2
Mentor On the Lake,3.5,3
Mentor On the Lake,4.5,1
Mentor-on-the-Lake,2,1
Mentor-on-the-Lake,2.5,1
Mentor-on-the-Lake,3,2
Mentor-on-the-Lake,4,3
Mentor-on-the-Lake,4.5,1
Mercier,4,1
Mercier,5,1
Mesa,1,15
Mesa,1.5,41
Mesa,2,95
Mesa,2.5,121
Mesa,3,185
Mesa,3.5,211
Mesa,4,251
Mesa,4.5,159
Mesa,5,45
Mesa AZ,3,1
Metro Phoenix,4,1
Middleburg Heights,2,3
Middleburg Heights,2.5,4
Middleburg Heights,3,11
Middleburg Heights,3.5,5
Middleburg Heights,4,9
Middleburg Heights,4.5,8
Middleburg Heights,5,1
Middlefield,2,1
Middlefield,2.5,2
Middlefield,3,4
Middlefield,3.5,3
Middlefield,4,6
Middlefield,5,3
Middleton,1.5,1
Middleton,2,6
Middleton,2.5,9
Middleton,3,19
Middleton,3.5,31
Middleton,4,31
Middleton,4.5,9
Middleton,5,1
Midland,2,1
Midland,3.5,1
Midland,4.5,3
Midland,5,3
Midnapore,3,1
Midway,2,1
Millvale,2.5,1
Millvale,4,4
Millvale,4.5,3
Millvale,5,3
Milton,2,2
Milton,2.5,3
Milton,3,3
Milton,4,1
Milton,4.5,1
Mint  Hill,4,1
Mint Hill,1.5,4
Mint Hill,2,4
Mint Hill,2.5,3
Mint Hill,3,8
Mint Hill,3.5,4
Mint Hill,4,10
Mint Hill,4.5,6
Mint Hill,5,1
Mirabel,2,1
Mirabel,3.5,1
Mirabel,4,1
Mirabel,4.5,1
Missisauga,2.5,2
Missisauga,3.5,1
Missisauga,4,1
Mississauga,1,8
Mississauga,1.5,30
Mississauga,2,97
Mississauga,2.5,178
Mississauga,3,279
Mississauga,3.5,328
Mississauga,4,334
Mississauga,4.5,128
Mississauga,5,38
Mississuaga,4,1
Monona,2,5
Monona,2.5,8
Monona,3,10
Monona,3.5,12
Monona,4,9
Monona,4.5,6
Monona,5,2
Monongahela,1.5,1
Monongahela,2,2
Monongahela,2.5,2
Monongahela,3.5,3
Monongahela,4,2
Monongahela,4.5,2
Monroe,1,1
Monroe,2,4
Monroe,2.5,9
Monroe,3,11
Monroe,3.5,8
Monroe,4,12
Monroe,4.5,8
Monroe,5,1
Monroeville,1,2
Monroeville,1.5,3
Monroeville,2,7
Monroeville,2.5,13
Monroeville,3,29
Monroeville,3.5,25
Monroeville,4,18
Monroeville,4.5,20
Monroeville,5,1
Mont-Royal,1,1
Mont-Royal,2,1
Mont-Royal,2.5,1
Mont-Royal,3,1
Mont-Royal,3.5,2
Mont-Royal,4,5
Mont-Royal,4.5,3
Mont-Saint-Grégoire,2.5,1
Mont-Saint-Grégoire,3,1
Mont-Saint-Grégoire,3.5,1
Mont-Saint-Grégoire,4.5,1
Mont-Saint-Hilaire,3,2
Mont-Saint-Hilaire,3.5,2
Mont-Saint-Hilaire,4,2
Mont-Saint-Hilaire,4.5,1
Mont-Saint-Hilaire,5,1
Monterey Park,3,1
Montgomery,4,1
Monticello,1.5,2
Monticello,2,1
Monticello,3,2
Monticello,3.5,3
Monticello,4,5
Monticello,4.5,4
Monticello,5,1
Montréal,1,12
Montréal,1.5,41
Montréal,2,96
Montréal,2.5,188
Montréal,3,440
Montréal,3.5,766
Montréal,4,1132
Montréal,4.5,767
Montréal,5,176
Montréal-Nord,3,1
Montréal-Nord,4,2
Montréal-Ouest,3.5,1
Montréal-Ouest,4,1
Montréal-Ouest,4.5,2
Montréal-West,3.5,1
Montrèal,3,1
Montreal,2,2
Montreal,2.5,4
Montreal,3,11
Montreal,3.5,19
Montreal,4,13
Montreal,4.5,8
Montreal,5,1
Montreal-Est,4,1
Montreal-Nord,2.5,1
Montreal-Nord,3,1
Montreal-Nord,3.5,2
Montreal-Nord,4.5,3
Montreal-Ouest,2,1
Montreal-Ouest,3.5,1
Montreal-Ouest,5,1
Montreal-West,3,1
Montreal-West,4.5,1
Montrose,1,1
Montrose,4.5,1
Mooers,5,1
Moon,2.5,1
Moon,3,1
Moon,4,1
Moon,4.5,2
Moon Township,1,1
Moon Township,3,1
Moon Township,3.5,6
Moon Township,4,5
Moon TWP,4,1
Mooresville,2.5,1
Mooresville,3,1
Mooresville,3.5,5
Mooresville,4,5
Mooresville,4.5,1
Moreland Hills,3.5,2
Moreland Hills,4,2
Morin-Heights,3.5,1
Morin-Heights,4,1
Morin-Heights,4.5,1
Morin-Heights,5,1
Moseley,4,1
Mount Albert,4,1
Mount Albert,4.5,3
Mount Albert,5,1
Mount Holly,1,1
Mount Holly,2,2
Mount Holly,2.5,3
Mount Holly,3,3
Mount Holly,3.5,8
Mount Holly,4,3
Mount Holly,4.5,3
Mount Holly,5,3
Mount Horeb,1,1
Mount Horeb,2,2
Mount Horeb,3,2
Mount Horeb,3.5,3
Mount Horeb,4,9
Mount Horeb,4.5,7
Mount Horeb,5,1
Mount Lebanon,2,1
Mount Lebanon,3,1
Mount Lebanon,3.5,2
Mount Lebanon,4,1
Mount Oliver,2,1
Mount Washington,4,1
Mt Holly,1.5,1
Mt Lebanon,4.5,1
Mt. Holly,2.5,1
Mt. Lebanon,3.5,3
Munhall,1.5,1
Munhall,2,1
Munhall,2.5,1
Munhall,3,3
Munhall,3.5,1
Munhall,4,2
Munhall,4.5,2
Munroe Falls,2,1
Munroe Falls,3.5,3
Munroe Falls,4,1
Munroe Falls,4.5,2
Munroe Falls,5,1
Murrysville,1,1
Murrysville,2,1
Murrysville,2.5,2
Murrysville,3,4
Murrysville,3.5,11
Murrysville,4,13
Murrysville,4.5,3
Murrysville,5,2
N Las Vegas,2,2
N Las Vegas,2.5,1
N Las Vegas,3,1
N Las Vegas,5,1
N Ridgeville,1.5,1
N Ridgeville,2.5,1
N. Las Vegas,1.5,1
N. Las Vegas,2.5,1
N. Las Vegas,3.5,1
Napierville,3.5,1
Napierville,4,1
Nellis AFB,2,1
Nellis AFB,2.5,1
Nellis AFB,3,1
Nellis AFB,4,2
Nellis Air Force Base,3,1
Nellis Air Force Base,4,1
Neville Island,2.5,1
Neville Island,3.5,1
New Eagle,2,1
New Eagle,3.5,1
New Eagle,4,1
New Kensington,1.5,1
New Kensington,2,4
New Kensington,2.5,2
New Kensington,3,4
New Kensington,3.5,9
New Kensington,4,14
New Kensington,4.5,6
New Kensington,5,4
Newbury,2.5,1
Newbury,3,2
Newbury,3.5,1
Newbury,4,2
Newbury,4.5,2
Newmarket,1,2
Newmarket,1.5,4
Newmarket,2,9
Newmarket,2.5,14
Newmarket,3,34
Newmarket,3.5,40
Newmarket,4,48
Newmarket,4.5,31
Newmarket,5,8
Nobleton,3,2
Nobleton,3.5,3
Nobleton,4,1
North  York,2,1
North Charlotte,3.5,1
North Huntingdon,3,1
North Huntingdon,4,2
North Huntingdon,4.5,3
North Huntington,2.5,1
North Las Vegas,1,8
North Las Vegas,1.5,23
North Las Vegas,2,32
North Las Vegas,2.5,54
North Las Vegas,3,72
North Las Vegas,3.5,68
North Las Vegas,4,65
North Las Vegas,4.5,36
North Las Vegas,5,19
North of Brampton,4,1
North Olmstead,2.5,1
North Olmstead,4,1
North Olmsted,1,3
North Olmsted,1.5,4
North Olmsted,2,3
North Olmsted,2.5,20
North Olmsted,3,24
North Olmsted,3.5,23
North Olmsted,4,23
North Olmsted,4.5,10
North Olmsted,5,4
"North Olmsted,",5,1
North Randall,1.5,1
North Randall,3,2
North Randall,3.5,1
North Randall,4,1
North Randall,4.5,1
North Ridgeville,1.5,1
North Ridgeville,2,3
North Ridgeville,2.5,5
North Ridgeville,3,4
North Ridgeville,3.5,7
North Ridgeville,4,9
North Ridgeville,4.5,2
North Ridgeville,5,2
North Royalton,1,3
North Royalton,1.5,1
North Royalton,2,2
North Royalton,2.5,5
North Royalton,3,7
North Royalton,3.5,21
North Royalton,4,14
North Royalton,4.5,2
North Royalton,5,1
North Strabane Township,2.5,1
North Toronto,3,1
North Versailles,1,1
North Versailles,1.5,1
North Versailles,2,4
North Versailles,2.5,5
North Versailles,3,9
North Versailles,3.5,3
North Versailles,4,3
North Versailles,4.5,2
North Versailles,5,1
North York,1,5
North York,1.5,12
North York,2,32
North York,2.5,59
North York,3,114
North York,3.5,104
North York,4,78
North York,4.5,30
North York,5,4
Northfield,1,1
Northfield,1.5,2
Northfield,2,1
Northfield,2.5,3
Northfield,3,9
Northfield,3.5,11
Northfield,4,9
Northfield,4.5,3
Northfield,5,1
Northfield Center Township,4.5,1
Northwest Calgary,1.5,1
Northwest Calgary,3,1
Northyork,3,1
Norton,2.5,2
Norton,4,2
Norton,4.5,1
Norton,5,1
Norval,2.5,1
Notre-Dame-De-L'ile-Perrot,2.5,1
Notre-Dame-De-L'ile-Perrot,4,1
Novelty,5,2
Noyan,4.5,1
Noyan,5,1
Oak Ridges,3,1
Oakdale,1.5,1
Oakdale,2,2
Oakdale,2.5,1
Oakdale,3,3
Oakdale,3.5,3
Oakdale,4,1
Oakdale,4.5,5
Oakdale,5,2
Oakland,3,1
Oakland,4,1
Oakmont,2,1
Oakmont,2.5,1
Oakmont,3,2
Oakmont,3.5,5
Oakmont,4,7
Oakmont,4.5,4
Oakmont,5,2
Oakridges,3,1
Oakville,1,2
Oakville,1.5,4
Oakville,2,7
Oakville,2.5,29
Oakville,3,41
Oakville,3.5,44
Oakville,4,27
Oakville,4.5,18
Oakville,5,7
Oakwood,2,1
Oakwood Village,1.5,1
Oakwood Village,3.5,1
Oberlin,3,1
Ogden,3,1
Ogden,3.5,1
Ogden,4,1
Oka,3,1
Oka,4,1
Oka,4.5,1
Old Port of Montreal,3.5,1
Oldham,4,1
Olmsted Falls,3,4
Olmsted Falls,3.5,6
Olmsted Falls,4,4
Olmsted Falls,4.5,5
Olmsted Falls,5,1
Olmsted Township,2,2
Olmsted Township,3,1
Olmsted Township,3.5,1
Omaha,2,1
Orange,2.5,1
Orange,3,1
Orange,3.5,1
Orange,4,2
Orange,4.5,1
Orange Village,3.5,3
Orange Village,4.5,1
Oregon,1,1
Oregon,1.5,1
Oregon,2,1
Oregon,2.5,3
Oregon,3,4
Oregon,3.5,5
Oregon,4,6
Oregon,4.5,2
Oregon,5,2
Ormstown,4.5,1
Otterburn Park,4.5,1
Outremont,3,3
Outremont,3.5,4
Outremont,4,8
Outremont,4.5,6
Outremont,5,2
Painesville,1,1
Painesville,1.5,2
Painesville,2,5
Painesville,2.5,11
Painesville,3,13
Painesville,3.5,7
Painesville,4,11
Painesville,4.5,10
Painesville,5,9
Painesville Township,5,1
Palgrave,4,1
Paoli,4,1
Paradise,3.5,2
Paradise Valley,2.5,1
Paradise Valley,3,1
Paradise Valley,3.5,2
Paradise Valley,4,8
Paradise Valley,4.5,2
Paradise Valley,5,1
Parma,1,1
Parma,1.5,1
Parma,2,17
Parma,2.5,13
Parma,3,16
Parma,3.5,22
Parma,4,32
Parma,4.5,16
Parma,5,7
Parma Heights,1.5,1
Parma Heights,2,2
Parma Heights,2.5,4
Parma Heights,3,1
Parma Heights,3.5,8
Parma Heights,4,5
Parma Heights,4.5,3
Parma Heights,5,1
Paw Creek,3,1
Peninsula,3.5,3
Peninsula,4,4
Peninsula,4.5,4
Penn Hills,1,1
Penn Hills,2,2
Penn Hills,2.5,2
Penn Hills,3,5
Penn Hills,4,3
Penn Hills,4.5,1
Penn Hills,5,1
Penn Hills Township,3.5,1
Peoria,1,3
Peoria,1.5,17
Peoria,2,39
Peoria,2.5,37
Peoria,3,52
Peoria,3.5,81
Peoria,4,73
Peoria,4.5,51
Peoria,5,13
Pepper Pike,3,1
Pepper Pike,4,4
Perry,3.5,1
Perry,4.5,2
Peters Township,3.5,1
Peters Township,4.5,1
Philo,3,1
Philo,4.5,1
Phoenix,1,38
Phoenix,1.5,119
Phoenix,2,285
Phoenix,2.5,380
Phoenix,3,558
Phoenix,3.5,700
Phoenix,4,855
Phoenix,4.5,567
Phoenix,5,227
Phoenix Valley,2,1
Phx,4.5,1
Pickering,1,2
Pickering,1.5,2
Pickering,2,8
Pickering,2.5,28
Pickering,3,32
Pickering,3.5,45
Pickering,4,36
Pickering,4.5,15
Pickering,5,2
Piedmont,3,1
Pierrefonds,1,2
Pierrefonds,2,4
Pierrefonds,2.5,4
Pierrefonds,3,2
Pierrefonds,3.5,7
Pierrefonds,4,9
Pierrefonds,4.5,6
Pierrefonds,5,3
Pincourt,1.5,1
Pincourt,4.5,1
Pine,3,1
Pineville,1.5,1
Pineville,2,3
Pineville,2.5,10
Pineville,3,16
Pineville,3.5,13
Pineville,4,14
Pineville,4.5,14
Pineville,5,4
Pitcairn,3.5,1
Pitcairn,4,1
Pitcairn,5,1
Pittsburg,2.5,1
Pittsburg,3,1
Pittsburg,4.5,1
Pittsburgh,1,9
Pittsburgh,1.5,37
Pittsburgh,2,110
Pittsburgh,2.5,170
Pittsburgh,3,338
Pittsburgh,3.5,590
Pittsburgh,4,598
Pittsburgh,4.5,407
Pittsburgh,5,87
Pleasant Hills,2,2
Pleasant Hills,2.5,1
Pleasant Hills,3,2
Pleasant Hills,3.5,5
Pleasant Hills,4,4
Pleasant Hills,4.5,3
Plum,2,2
Plum,3,2
Plum,3.5,1
Plum,4,4
Plum,4.5,1
Plum Boro,2.5,1
Pointe-Aux-Trembles,3,1
Pointe-Aux-Trembles,4,3
Pointe-Calumet,3,1
Pointe-Claire,1.5,1
Pointe-Claire,2,1
Pointe-Claire,2.5,7
Pointe-Claire,3,7
Pointe-Claire,3.5,15
Pointe-Claire,4,13
Pointe-Claire,4.5,10
Pointe-Claire,5,3
Port Credit,4,1
Port Credit,4.5,1
Port Vue,4.5,1
Prévost,3,1
Prévost,4,1
Presto,4.5,1
Presto,5,1
Québec,2.5,1
Quartier des Spectacles,4.5,1
Queen Creek,2.5,3
Queen Creek,3,2
Queen Creek,3.5,7
Queen Creek,4,1
Queen Creek,4.5,1
Queen Creek,5,1
Ranlo,4.5,1
Rantoul,1,1
Rantoul,1.5,3
Rantoul,2,5
Rantoul,2.5,2
Rantoul,3,3
Rantoul,3.5,1
Rantoul,4,5
Rantoul,4.5,2
Rantoul,5,1
Ravenna,3.5,2
Ravenna,4,1
Rawdon,3,1
Rawdon,5,1
Repentigny,3,1
Repentigny,4,1
Repentigny,5,1
Rexdale,1.5,1
Rexdale,3,1
Rexdale,3.5,1
Rexdale,4,1
Richfield,2,1
Richfield,2.5,1
Richfield,3,6
Richfield,3.5,2
Richfield,4,5
Richfield,4.5,4
Richfield,5,1
Richmond Height,2.5,1
Richmond Heights,2,2
Richmond Heights,2.5,1
Richmond Heights,3,3
Richmond Heights,3.5,1
Richmond Heights,4,3
Richmond Heights,5,1
Richmond Hill,1,2
Richmond Hill,1.5,8
Richmond Hill,2,24
Richmond Hill,2.5,53
Richmond Hill,3,103
Richmond Hill,3.5,125
Richmond Hill,4,66
Richmond Hill,4.5,21
Richmond Hill,5,6
Richmond Hts,4,1
Rigaud,3,1
Rigaud,3.5,1
Rigaud,4,1
Rigaud,5,1
Rillton,5,1
Rio Verde,4,1
River Drive Park,4.5,1
Robinson,3.5,1
Robinson Township,2.5,1
Robinson Township,3,2
Robinson Township,3.5,1
Robinson Township,4,1
Robinson Township,4.5,1
Robinson Twp.,4.5,1
Rock Hill,1,2
Rock Hill,1.5,1
Rock Hill,2,12
Rock Hill,2.5,9
Rock Hill,3,11
Rock Hill,3.5,24
Rock Hill,4,25
Rock Hill,4.5,14
Rock Hill,5,3
Rocky River,1.5,2
Rocky River,2,1
Rocky River,2.5,3
Rocky River,3,11
Rocky River,3.5,24
Rocky River,4,21
Rocky River,4.5,13
Rocky River,5,1
Rocky View,1,1
Rocky View,2.5,3
Rocky View,3,1
Rocky View,3.5,5
Rocky View,4,1
Rocky View County,1.5,1
Rocky View County,4,1
Rocky View No. 44,3,1
Rocky View No. 44,3.5,1
Rosemère,1.5,1
Rosemère,3.5,4
Rosemère,4,5
Rosemère,4.5,1
Rosemere,2,1
Rosemere,3,1
Rosemere,4,2
Rosemere,4.5,1
Ross,4,1
Ross Township,2.5,1
Ross Township,3.5,1
Ross Township,4,1
Rostraver,4.5,1
Rougemont,5,1
Rouses Point,3,3
Rouses Point,4.5,3
Roxboro,3,1
Rural Ridge,5,1
Russellton,3.5,1
Russellton,4.5,1
Russellton,5,1
Sagamore Hills,3,1
Sagamore Hills,3.5,2
Saint Joseph,2.5,2
Saint Joseph,3,2
Saint Joseph,3.5,1
Saint Joseph,4,1
Saint Joseph,4.5,1
Saint Joseph,5,1
Saint Laurent,3,1
Saint Laurent,3.5,1
Saint Leonard,3.5,1
Saint-Basile-le-Grand,3,1
Saint-Basile-le-Grand,3.5,1
Saint-Bernard de Lacolle,3,1
Saint-Bruno,3,2
Saint-Bruno,4.5,1
Saint-Bruno-de-Montarville,3,2
Saint-Bruno-de-Montarville,4,1
Saint-Bruno-de-Montarville,4.5,3
Saint-Charles-Borromee,3,2
Saint-Constant,3,2
Saint-Constant,4,2
Saint-Constant,4.5,1
Saint-Eustache,2.5,1
Saint-Eustache,3.5,2
Saint-Eustache,4,3
Saint-Eustache,4.5,7
Saint-Eustache,5,2
Saint-Henri,3.5,1
Saint-Hippolyte,4.5,1
Saint-Hubert,1.5,1
Saint-Hubert,3,3
Saint-Hubert,3.5,1
Saint-Hubert,4,7
Saint-Hubert,4.5,3
Saint-Hubert,5,4
Saint-Hyacinthe,3,2
Saint-Hyacinthe,3.5,1
Saint-Hyacinthe,4,3
Saint-Hyacinthe,4.5,4
Saint-Isidore-de-Laprairie,3.5,1
Saint-Jérôme,2.5,1
Saint-Jérôme,3,3
Saint-Jérôme,3.5,3
Saint-Jérôme,4,5
Saint-Jérôme,4.5,2
Saint-Jérôme,5,3
Saint-Jean-sur-Richelieu,2.5,1
Saint-Jean-sur-Richelieu,3,4
Saint-Jean-sur-Richelieu,3.5,3
Saint-Jean-sur-Richelieu,4,8
Saint-Jean-sur-Richelieu,4.5,8
Saint-Jean-sur-Richelieu,5,4
Saint-Jerome,2.5,1
Saint-Jerome,3.5,2
Saint-Jerome,4,2
Saint-Jerome,4.5,1
Saint-Léonard,3,2
Saint-Léonard,4,1
Saint-Léonard,4.5,2
Saint-Lambert,2,1
Saint-Lambert,3.5,3
Saint-Lambert,4,9
Saint-Lambert,4.5,5
Saint-Lambert,5,1
Saint-Laurent,1.5,2
Saint-Laurent,2,8
Saint-Laurent,2.5,9
Saint-Laurent,3,13
Saint-Laurent,3.5,15
Saint-Laurent,4,19
Saint-Laurent,4.5,7
Saint-Laurent,5,3
Saint-Lazare,3.5,2
Saint-Lazare,4,2
Saint-Lazare,4.5,2
Saint-Leonard,1.5,2
Saint-Leonard,2,2
Saint-Leonard,2.5,2
Saint-Leonard,3,1
Saint-Leonard,3.5,4
Saint-Leonard,4,4
Saint-Leonard,4.5,2
Saint-Leonard,5,2
Saint-Marc-sur-Richelieu,4,1
Saint-Marc-sur-Richelieu,4.5,1
Saint-Pierre-de-Véronne-à-Pike-River,5,1
Saint-Roch-de-l'Achigan,4.5,1
Saint-Sauveur,2,3
Saint-Sauveur,2.5,4
Saint-Sauveur,3,7
Saint-Sauveur,3.5,10
Saint-Sauveur,4,8
Saint-Sauveur,4.5,8
Saint-Sauveur,5,2
Saint-Sauveur-des-Monts,2,1
Sainte-Adèle,3,1
Sainte-Adèle,4,4
Sainte-Adèle,4.5,2
Sainte-Adele,3,2
Sainte-Adele,4,1
Sainte-Adele,4.5,3
Sainte-Adele,5,1
Sainte-Anne-De-Bellevue,1.5,1
Sainte-Anne-De-Bellevue,2,2
Sainte-Anne-De-Bellevue,2.5,1
Sainte-Anne-De-Bellevue,3,3
Sainte-Anne-De-Bellevue,3.5,1
Sainte-Anne-De-Bellevue,4,3
Sainte-Anne-De-Bellevue,4.5,7
Sainte-Anne-De-Bellevue,5,1
Sainte-Anne-des-Plaines,3,1
Sainte-Anne-des-Plaines,4.5,1
Sainte-Catherine,2.5,1
Sainte-Catherine,4,1
Sainte-Catherine,4.5,1
Sainte-Genevieve,4.5,2
Sainte-Julie,2,1
Sainte-Julie,2.5,2
Sainte-Julie,3.5,6
Sainte-Julie,4,2
Sainte-Julie,4.5,3
Sainte-Madeleine,4,1
Sainte-Marguerite-du-lac-Masson,4,1
Sainte-Marguerite-du-lac-Masson,5,1
Sainte-Marguerite-Esterel,3,1
Sainte-Marthe,5,1
Sainte-Thérèse,2.5,1
Sainte-Thérèse,3.5,1
Sainte-Thérèse,4,1
Sainte-Thérèse,4.5,6
Sainte-Thérèse,5,1
Sainte-Thérèse-de-Blainville,4.5,1
Sainte-Therese,3,1
Sainte-Therese,3.5,1
Saintt-Bruno-de-Montarville,5,1
Salaberry-de-Valleyfield,3,1
Salaberry-de-Valleyfield,4,3
Salaberry-de-Valleyfield,5,1
Sale,4,1
Sandy Ridge,3.5,1
Sauk City,3.5,1
Sauk City,4,1
Savoy,1.5,1
Savoy,2,4
Savoy,2.5,1
Savoy,3,2
Savoy,3.5,6
Savoy,4,5
Scarborough,1,9
Scarborough,1.5,12
Scarborough,2,28
Scarborough,2.5,55
Scarborough,3,95
Scarborough,3.5,129
Scarborough,4,100
Scarborough,4.5,36
Scarborough,5,8
Scarobrough,4,1
Schomberg,1.5,1
Schomberg,3,2
Schomberg,4.5,4
Scottdale,4,1
Scottsdale,1,4
Scottsdale,1.5,10
Scottsdale,2,43
Scottsdale,2.5,99
Scottsdale,3,165
Scottsdale,3.5,278
Scottsdale,4,377
Scottsdale,4.5,217
Scottsdale,5,83
Seven Hills,1,1
Seven Hills,3,3
Seven Hills,3.5,3
Seven Hills,4,4
Seven Hills,4.5,1
Sewickley,2,1
Sewickley,2.5,2
Sewickley,3,8
Sewickley,3.5,6
Sewickley,4,11
Sewickley,4.5,6
Sewickley,5,5
Shaker Heights,1.5,2
Shaker Heights,2.5,1
Shaker Heights,3,4
Shaker Heights,3.5,3
Shaker Heights,4,4
Shaker Heights,4.5,1
Shaker Heights,5,1
Shaler Township,4,1
Sharon,4,1
Sharpsburg,2.5,1
Sharpsburg,4,3
Sharpsburg,4.5,1
Sheffield,3,1
Sheffield,3.5,1
Sheffield,4,1
Sheffield,4.5,1
Sheffield Lake,3,4
Sheffield Lake,3.5,1
Sheffield Lake,4,4
Sheffield Village,2.5,2
Sheffield Village,3,5
Sheffield Village,3.5,2
Sheffield Village,4,2
Sheffield Village,4.5,1
Shorewood Hills,3,1
Side Slopes,3.5,1
Sidney,4.5,2
Solon,1.5,3
Solon,2,5
Solon,2.5,6
Solon,3,10
Solon,3.5,21
Solon,4,14
Solon,4.5,9
Solon,5,3
Somerton,4,1
South Amherst,4,1
South Euclid,1.5,4
South Euclid,2,6
South Euclid,2.5,3
South Euclid,3,4
South Euclid,3.5,4
South Euclid,4,5
South Euclid,4.5,5
South Euclid,5,1
South Las Vegas,3,1
South Las Vegas,3.5,1
South Las Vegas,4,1
South Park,2.5,1
South Park,3,1
South Park,3.5,2
South Park,4,2
South Park Township,4,1
South Park Township,4.5,1
South Russell,5,1
Southeast Calgary,5,1
Spartanburg,1.5,1
Spring Valley,3,1
Spring Valley,4,1
Spring Valley,4.5,2
Springdale,2.5,1
Springdale,3.5,1
Springdale,4,3
Springdale,4.5,3
Squirrel Hill,4.5,1
St Joseph,4.5,2
St Leonard,3.5,1
St-Benoît de Mirabel,4,1
St-Bruno-de-Montarville,4,2
St-Clet,3,1
St-Jean-sur-Richelieu,4,1
St-Jerome,1.5,1
St-Jerome,3,1
St-Jerome,4.5,1
St-Leonard,2,1
St-Leonard,3,2
St-Leonard,4.5,1
St. Léonard,3.5,1
Stallings,1.5,1
Stallings,3.5,1
Stallings,4,4
Stallings,4.5,2
Stallings,5,1
Stanley,2,3
Stanley,2.5,2
Stanley,3,2
Stanley,3.5,1
Stanley,4,1
Stanley,5,2
Ste-Dorothée,3.5,1
Ste-Rose,4.5,1
Ste-Therese-de-Blainville,4,1
Stouffville,2,5
Stouffville,2.5,5
Stouffville,3,7
Stouffville,3.5,6
Stouffville,4,6
Stouffville,4.5,2
Stouffville,5,1
Stoughton,1,1
Stoughton,2,3
Stoughton,2.5,4
Stoughton,3,4
Stoughton,3.5,10
Stoughton,4,9
Stoughton,4.5,11
Stoughton,5,2
Stow,1,3
Stow,1.5,4
Stow,2,9
Stow,2.5,14
Stow,3,15
Stow,3.5,22
Stow,4,16
Stow,4.5,13
Streetsboro,1,1
Streetsboro,1.5,2
Streetsboro,2,4
Streetsboro,2.5,5
Streetsboro,3,12
Streetsboro,3.5,7
Streetsboro,4,11
Streetsboro,4.5,3
Streetsboro,5,1
Strongsville,1,1
Strongsville,1.5,2
Strongsville,2,7
Strongsville,2.5,12
Strongsville,3,25
Strongsville,3.5,30
Strongsville,4,30
Strongsville,4.5,21
Strongsville,5,2
Sturgeon,4.5,1
Sun City,1.5,3
Sun City,2,5
Sun City,2.5,6
Sun City,3,11
Sun City,3.5,5
Sun City,4,12
Sun City,4.5,5
Sun City,5,3
Sun City West,2,1
Sun City West,2.5,1
Sun City West,3,3
Sun City West,3.5,5
Sun City West,4,5
Sun City West,4.5,1
Sun City West,5,1
Sun Lakes,2,4
Sun Lakes,2.5,1
Sun Lakes,3,2
Sun Lakes,3.5,1
Sun Lakes,4,3
Sun Praiie,2.5,1
Sun Prairie,1,2
Sun Prairie,1.5,4
Sun Prairie,2,6
Sun Prairie,2.5,8
Sun Prairie,3,21
Sun Prairie,3.5,16
Sun Prairie,4,16
Sun Prairie,4.5,7
Sun Prairie,5,7
Sunrise Manor,3.5,1
Surprise,1,1
Surprise,1.5,10
Surprise,2,17
Surprise,2.5,37
Surprise,3,55
Surprise,3.5,48
Surprise,4,37
Surprise,4.5,26
Surprise,5,5
Surprise Crossing,3.5,1
Sutersville,4.5,1
Swissvale,2.5,1
Swissvale,3,1
Swissvale,3.5,1
Swissvale,5,1
Tallmadge,1,1
Tallmadge,1.5,1
Tallmadge,2,3
Tallmadge,2.5,2
Tallmadge,3,3
Tallmadge,3.5,3
Tallmadge,4,5
Tallmadge,4.5,3
Tarentum,2.5,6
Tarentum,3,5
Tarentum,3.5,3
Tarentum,4,4
Tarentum,4.5,2
Tega Cay,1.5,1
Tega Cay,2.5,3
Tega Cay,4,5
Tega Cay,4.5,1
Tega Cay,5,2
Tempe,1,8
Tempe,1.5,15
Tempe,2,51
Tempe,2.5,90
Tempe,3,128
Tempe,3.5,212
Tempe,4,211
Tempe,4.5,134
Tempe,5,51
Terrebonne,2.5,1
Terrebonne,3,1
Terrebonne,3.5,6
Terrebonne,4,1
Terrebonne,4.5,3
Terrebonne,5,4
Thorncliffe Park,3,1
Thornhil,4,1
Thornhill,1,1
Thornhill,1.5,4
Thornhill,2,8
Thornhill,2.5,15
Thornhill,3,35
Thornhill,3.5,45
Thornhill,4,32
Thornhill,4.5,10
Thornhill,5,6
Tolleson,1,1
Tolleson,1.5,4
Tolleson,2,7
Tolleson,2.5,3
Tolleson,3,4
Tolleson,3.5,8
Tolleson,4,9
Tolleson,4.5,3
Tolleson,5,4
Tolono,3,1
Tornto,2.5,1
Toronto,1,44
Toronto,1.5,113
Toronto,2,358
Toronto,2.5,682
Toronto,3,1225
Toronto,3.5,1826
Toronto,4,1828
Toronto,4.5,848
Toronto,5,199
Toronto Scarborough,4.5,1
Tottenham,4,1
Tottenham,4.5,1
Trafford,3.5,2
Trafford,4,3
Trafford,4.5,1
Trafford,5,2
Tremont,4,1
Troy Township,3,1
Turtle Creek,2,1
Turtle Creek,2.5,1
Turtle Creek,3,4
Turtle Creek,3.5,1
Turtle Creek,4,2
Turtle Creek,4.5,1
Turtle Creek,5,1
Tuscola,4,1
Twinsburg,1.5,2
Twinsburg,2,2
Twinsburg,2.5,8
Twinsburg,3,4
Twinsburg,3.5,19
Twinsburg,4,7
Twinsburg,4.5,5
Twinsburg,5,2
Unionville,2.5,1
Unionville,3,4
Unionville,3.5,8
Unionville,4,3
Unionville,5,1
University Heights,2,1
University Heights,2.5,4
University Heights,3,1
University Heights,3.5,4
University Heights,4,3
University Heights,4.5,3
University Heights,5,1
Upper Saint Clair,3,1
Upper Saint Clair,3.5,4
Upper St Clair,2,1
Upper St Clair,3,1
Upper St Clair,3.5,1
Upper St. Clair,4.5,1
Urbana,1,1
Urbana,1.5,2
Urbana,2,11
Urbana,2.5,12
Urbana,3,19
Urbana,3.5,26
Urbana,4,24
Urbana,4.5,17
Urbana,5,6
Uxbridge,2,1
Uxbridge,3,3
Uxbridge,4,1
Uxbridge,4.5,2
Val-Morin,4.5,1
Val-Morin,5,1
Valley City,3,1
Valley City,3.5,2
Valley City,4,2
Valley City,4.5,1
Valley View,2.5,1
Valley View,3,3
Valley View,3.5,2
Valley View,4,1
Valley View,4.5,2
Valley View,5,1
Varennes,3,1
Vaudreuil,3.5,1
Vaudreuil-Dorion,1.5,2
Vaudreuil-Dorion,2,3
Vaudreuil-Dorion,2.5,1
Vaudreuil-Dorion,3,11
Vaudreuil-Dorion,3.5,6
Vaudreuil-Dorion,4,13
Vaudreuil-Dorion,4.5,8
Vaudreuil-Dorion,5,4
Vaughan,1,2
Vaughan,1.5,14
Vaughan,2,30
Vaughan,2.5,45
Vaughan,3,97
Vaughan,3.5,116
Vaughan,4,97
Vaughan,4.5,48
Vaughan,5,10
Venetia,5,2
Venise-en-Québec,3,1
Verdun,1.5,1
Verdun,2,3
Verdun,2.5,8
Verdun,3,19
Verdun,3.5,14
Verdun,4,27
Verdun,4.5,19
Verdun,5,6
Verona,1,1
Verona,1.5,1
Verona,2,2
Verona,2.5,5
Verona,3,10
Verona,3.5,12
Verona,4,20
Verona,4.5,13
Verona,5,2
Villa Grove,4.5,1
Ville Mont-Royal,4,1
Vimont,3,2
Vimont,3.5,2
Vimont,4,2
W Henderson,2.5,1
Waddell,3,1
Waddell,3.5,1
Waddell,4,1
Waddell,4.5,1
Waddell,5,2
Wadsworth,2.5,3
Wadsworth,3,2
Wadsworth,3.5,2
Wadsworth,4,3
Walton Hills,3.5,1
Walton Hills,5,1
Warrensville,3,1
Warrensville Heights,1.5,1
Warrensville Heights,2,3
Warrensville Heights,2.5,3
Warrensville Heights,3,5
Warrensville Heights,3.5,2
Warrensville Heights,4,6
Warrensville Hts.,3,1
Waterloo,2.5,1
Waunakee,1,1
Waunakee,2,3
Waunakee,2.5,4
Waunakee,3,4
Waunakee,3.5,7
Waunakee,4,9
Waunakee,4.5,3
Waxhaw,1.5,1
Waxhaw,2,3
Waxhaw,2.5,6
Waxhaw,3,4
Waxhaw,3.5,7
Waxhaw,4,12
Waxhaw,4.5,13
Waxhaw,5,4
Weddington,3.5,2
Weddington,4,1
Wesley Chapel,1.5,1
Wesley Chapel,3,2
Wesley Chapel,3.5,2
Wesley Chapel,4,1
Wesley Chapel,4.5,2
West Elizabeth,4.5,2
West Homestead,3,5
West Homestead,3.5,1
West Homestead,4,1
West Homestead,4.5,1
West Homestead,5,1
West Lake,3,1
West Mifflin,1,1
West Mifflin,2,3
West Mifflin,2.5,12
West Mifflin,3,10
West Mifflin,3.5,11
West Mifflin,4,7
West Mifflin,4.5,3
West View,2,1
West View,3,3
West View,3.5,2
West View,4.5,2
West View,5,1
Westlake,1.5,2
Westlake,2,5
Westlake,2.5,10
Westlake,3,15
Westlake,3.5,33
Westlake,4,28
Westlake,4.5,13
Westlake,5,8
Westmount,1.5,2
Westmount,2,2
Westmount,2.5,2
Westmount,3,7
Westmount,3.5,10
Westmount,4,14
Westmount,4.5,7
Westmount,5,1
Wexford,2,2
Wexford,2.5,8
Wexford,3,14
Wexford,3.5,21
Wexford,4,11
Wexford,4.5,10
Wexford,5,3
Whiitby,2,1
Whitby,1,3
Whitby,1.5,1
Whitby,2,8
Whitby,2.5,13
Whitby,3,24
Whitby,3.5,37
Whitby,4,32
Whitby,4.5,22
Whitby,5,5
Whitchurch-Stouffville,2.5,3
Whitchurch-Stouffville,3,7
Whitchurch-Stouffville,3.5,4
Whitchurch-Stouffville,4,6
Whitchurch-Stouffville,4.5,5
Whitchurch-Stouffville,5,1
White Oak,1.5,1
White Oak,2.5,3
White Oak,3,3
White Oak,3.5,1
White Oak,4,4
White Oak,4.5,2
White Oak,5,1
Whtiby,4.5,1
Wickliffe,2,1
Wickliffe,2.5,1
Wickliffe,3,3
Wickliffe,3.5,5
Wickliffe,4,7
Wickliffe,4.5,4
Wickliffe,5,1
Wilkins Township,3,1
Wilkinsburg,2.5,1
Wilkinsburg,3,2
Wilkinsburg,3.5,1
Wilkinsburg,4,2
Wilkinsburg,4.5,1
Wilkinsburg,5,1
Willoughby,1,2
Willoughby,1.5,2
Willoughby,2,4
Willoughby,2.5,7
Willoughby,3,18
Willoughby,3.5,30
Willoughby,4,23
Willoughby,4.5,12
Willoughby,5,1
Willoughby Hills,1.5,1
Willoughby Hills,2,2
Willoughby Hills,2.5,1
Willoughby Hills,3,2
Willoughby Hills,3.5,4
Willoughby Hills,4,4
Willoughby Hills,4.5,2
Willoughby Hills,5,1
Willowdale,1.5,1
Willowdale,2.5,1
Willowdale,3,1
Willowdale,3.5,1
Willowick,1,1
Willowick,2,3
Willowick,2.5,1
Willowick,3,4
Willowick,3.5,9
Willowick,4,7
Willowick,4.5,1
Willowick,5,3
Wilmerding,2.5,1
Wilmerding,3,1
Wilmerding,3.5,2
Wilmerding,4.5,2
Windsor,3,1
Windsor,3.5,2
Windsor,4,3
Windsor,4.5,1
Windsor,5,1
Woodbridge,1,1
Woodbridge,1.5,1
Woodbridge,2,6
Woodbridge,2.5,7
Woodbridge,3,23
Woodbridge,3.5,25
Woodbridge,4,16
Woodbridge,4.5,15
Woodbridge,5,7
Woodbridge (Vaughan),4,1
Woodmere,1.5,1
Woodmere,2.5,1
Woodmere,3,4
Woodmere,3.5,5
Woodmere,4,6
Woodmere,4.5,1
Woodmere Village,3.5,1
York,1,1
York,1.5,1
York,2,4
York,2.5,3
York,3,14
York,3.5,13
York,4,14
York,4.5,7
York,5,4
York Regional Municipality,3.5,2
Youngtown,2,2
Youngtown,3,1
Youngtown,4,3
Youngtown,4.5,1
Youngtown,5,2
Zephyr,3.5,1